client_code,company_name,contact_person,contact_email,country,total_balance
CLT-0045,Aurora Capital 45,Alice Johnson,contact.45@client-45.com,US,282879806.34
CLT-0633,Orion Fund 633,David Brown,contact.633@client-633.com,FR,281555454.39
CLT-0351,Pegasus Asset Management 351,Grace Lee,contact.351@client-351.com,BE,278748036.54
CLT-0053,Jupiter Wealth 53,Iris Clark,contact.53@client-53.com,IT,273624806.16
CLT-0485,Apex Holdings 485,Frank Wilson,contact.485@client-485.com,CH,273453505.46
CLT-0947,Helios Investments 947,Carol White,contact.947@client-947.com,DE,273096545.02
CLT-0447,Andromeda Insurance 447,Maria Santos,contact.447@client-447.com,JP,269919748.07
CLT-0885,Aurora Capital 885,Alice Johnson,contact.885@client-885.com,US,263738703.62
CLT-0579,Horizon Trust 579,James Taylor,contact.579@client-579.com,LU,258131263.64
CLT-0305,Apex Holdings 305,Frank Wilson,contact.305@client-305.com,CH,257755147.37
CLT-0253,Solaris Pension 253,Noah Kim,contact.253@client-253.com,AU,257529127.70
CLT-0604,Nexus Group 604,Emma Davis,contact.604@client-604.com,NL,256592131.07
CLT-0492,Cascade Insurance 492,Maria Santos,contact.492@client-492.com,JP,255143352.80
CLT-0523,Solaris Pension 523,Noah Kim,contact.523@client-523.com,AU,252973418.35
CLT-0363,Orion Fund 363,David Brown,contact.363@client-363.com,FR,252164956.27
CLT-0455,Apex Holdings 455,Frank Wilson,contact.455@client-455.com,CH,251990299.99
CLT-0068,Pinnacle Wealth 68,Iris Clark,contact.68@client-68.com,IT,250888248.33
CLT-0769,Phoenix Group 769,Emma Davis,contact.769@client-769.com,NL,250646926.80
CLT-0291,Pegasus Asset Management 291,Grace Lee,contact.291@client-291.com,BE,250279355.58
CLT-0440,Olympus Holdings 440,Frank Wilson,contact.440@client-440.com,CH,248332190.65
CLT-0727,Summit Securities 727,Henry Martin,contact.727@client-727.com,ES,247852273.25
CLT-0001,Zenith Partners 1,Bob Smith,contact.1@client-1.com,GB,247327972.15
CLT-0040,Sterling Finance 40,Karen Hughes,contact.40@client-40.com,SG,247272232.35
CLT-0096,Vertex Asset Management 96,Grace Lee,contact.96@client-96.com,BE,246803624.56
CLT-0694,Nexus Group 694,Emma Davis,contact.694@client-694.com,NL,246640484.79
CLT-0497,Helios Investments 497,Carol White,contact.497@client-497.com,DE,245259687.94
CLT-0817,Summit Securities 817,Henry Martin,contact.817@client-817.com,ES,244574317.69
CLT-0101,Meridian Bank 101,Liam Chen,contact.101@client-101.com,HK,244265657.25
CLT-0541,Zenith Partners 541,Bob Smith,contact.541@client-541.com,GB,243569672.70
CLT-0912,Cascade Insurance 912,Maria Santos,contact.912@client-912.com,JP,241142506.59
CLT-0033,Orion Fund 33,David Brown,contact.33@client-33.com,FR,240033229.97
CLT-0891,Pegasus Asset Management 891,Grace Lee,contact.891@client-891.com,BE,239802132.76
CLT-0754,Nexus Group 754,Emma Davis,contact.754@client-754.com,NL,238072044.90
CLT-0875,Apex Holdings 875,Frank Wilson,contact.875@client-875.com,CH,237655596.56
CLT-0134,Polaris Global 134,Olivia Patel,contact.134@client-134.com,CA,236965174.71
CLT-0546,Vertex Asset Management 546,Grace Lee,contact.546@client-546.com,BE,236589312.22
CLT-0628,Centaurus Pension 628,Noah Kim,contact.628@client-628.com,AU,235939289.88
CLT-0946,Quantum Partners 946,Bob Smith,contact.946@client-946.com,GB,235730112.63
CLT-0673,Solaris Pension 673,Noah Kim,contact.673@client-673.com,AU,235172179.00
CLT-0602,Atlas Investments 602,Carol White,contact.602@client-602.com,DE,233391810.57
CLT-0915,Aurora Capital 915,Alice Johnson,contact.915@client-915.com,US,233120522.77
CLT-0504,Saturn Trust 504,James Taylor,contact.504@client-504.com,LU,232869525.97
CLT-0920,Olympus Holdings 920,Frank Wilson,contact.920@client-920.com,CH,232798857.69
CLT-0520,Sterling Finance 520,Karen Hughes,contact.520@client-520.com,SG,232637892.64
CLT-0913,Solaris Pension 913,Noah Kim,contact.913@client-913.com,AU,231873806.31
CLT-0376,Quantum Partners 376,Bob Smith,contact.376@client-376.com,GB,231367041.27
CLT-0488,Pinnacle Wealth 488,Iris Clark,contact.488@client-488.com,IT,230806981.34
CLT-0715,Vega Finance 715,Karen Hughes,contact.715@client-715.com,SG,230597859.42
CLT-0498,Titan Fund 498,David Brown,contact.498@client-498.com,FR,230245473.01
CLT-0009,Horizon Trust 9,James Taylor,contact.9@client-9.com,LU,229805945.94
CLT-0397,Summit Securities 397,Henry Martin,contact.397@client-397.com,ES,228541249.65
CLT-0214,Nexus Group 214,Emma Davis,contact.214@client-214.com,NL,227916042.30
CLT-0411,Pegasus Asset Management 411,Grace Lee,contact.411@client-411.com,BE,226116963.68
CLT-0127,Summit Securities 127,Henry Martin,contact.127@client-127.com,ES,225809800.81
CLT-0648,Titan Fund 648,David Brown,contact.648@client-648.com,FR,225497150.32
CLT-0615,Aurora Capital 615,Alice Johnson,contact.615@client-615.com,US,225494222.79
CLT-0547,Summit Securities 547,Henry Martin,contact.547@client-547.com,ES,225491385.68
CLT-0069,Horizon Trust 69,James Taylor,contact.69@client-69.com,LU,225481434.43
CLT-0839,Rigel Global 839,Olivia Patel,contact.839@client-839.com,CA,224946772.43
CLT-0999,Horizon Trust 999,James Taylor,contact.999@client-999.com,LU,224915740.26
CLT-0565,Vega Finance 565,Karen Hughes,contact.565@client-565.com,SG,224774650.23
CLT-0502,Neptune Securities 502,Henry Martin,contact.502@client-502.com,ES,223882653.54
CLT-0934,Nexus Group 934,Emma Davis,contact.934@client-934.com,NL,223812298.74
CLT-0394,Nexus Group 394,Emma Davis,contact.394@client-394.com,NL,223268836.39
CLT-0137,Helios Investments 137,Carol White,contact.137@client-137.com,DE,223254777.54
CLT-0819,Horizon Trust 819,James Taylor,contact.819@client-819.com,LU,223210200.15
CLT-0895,Vega Finance 895,Karen Hughes,contact.895@client-895.com,SG,222827888.25
CLT-0772,Neptune Securities 772,Henry Martin,contact.772@client-772.com,ES,222729070.09
CLT-0173,Jupiter Wealth 173,Iris Clark,contact.173@client-173.com,IT,222006247.66
CLT-0751,Zenith Partners 751,Bob Smith,contact.751@client-751.com,GB,221754427.40
CLT-0507,Andromeda Insurance 507,Maria Santos,contact.507@client-507.com,JP,221442170.40
CLT-0142,Neptune Securities 142,Henry Martin,contact.142@client-142.com,ES,221386476.95
CLT-0355,Vega Finance 355,Karen Hughes,contact.355@client-355.com,SG,221078871.95
CLT-0046,Quantum Partners 46,Bob Smith,contact.46@client-46.com,GB,220976238.53
CLT-0475,Vega Finance 475,Karen Hughes,contact.475@client-475.com,SG,220969557.70
CLT-0519,Horizon Trust 519,James Taylor,contact.519@client-519.com,LU,220806961.82
CLT-0869,Rigel Global 869,Olivia Patel,contact.869@client-869.com,CA,220705121.29
CLT-0969,Horizon Trust 969,James Taylor,contact.969@client-969.com,LU,220560934.93
CLT-0165,Aurora Capital 165,Alice Johnson,contact.165@client-165.com,US,220305723.26
CLT-0846,Vertex Asset Management 846,Grace Lee,contact.846@client-846.com,BE,219561861.66
CLT-0364,Nexus Group 364,Emma Davis,contact.364@client-364.com,NL,219493312.63
CLT-0679,Phoenix Group 679,Emma Davis,contact.679@client-679.com,NL,219467931.20
CLT-0973,Solaris Pension 973,Noah Kim,contact.973@client-973.com,AU,219246119.77
CLT-0783,Orion Fund 783,David Brown,contact.783@client-783.com,FR,218874426.23
CLT-0515,Apex Holdings 515,Frank Wilson,contact.515@client-515.com,CH,218833811.32
CLT-0511,Zenith Partners 511,Bob Smith,contact.511@client-511.com,GB,218741407.38
CLT-0145,Vega Finance 145,Karen Hughes,contact.145@client-145.com,SG,218486724.68
CLT-0937,Summit Securities 937,Henry Martin,contact.937@client-937.com,ES,218456062.30
CLT-0004,Nexus Group 4,Emma Davis,contact.4@client-4.com,NL,218422156.48
CLT-0841,Zenith Partners 841,Bob Smith,contact.841@client-841.com,GB,218366189.48
CLT-0682,Neptune Securities 682,Henry Martin,contact.682@client-682.com,ES,218238493.55
CLT-0178,Centaurus Pension 178,Noah Kim,contact.178@client-178.com,AU,217634217.80
CLT-0548,Pinnacle Wealth 548,Iris Clark,contact.548@client-548.com,IT,217609114.23
CLT-0929,Rigel Global 929,Olivia Patel,contact.929@client-929.com,CA,216927356.57
CLT-0522,Cascade Insurance 522,Maria Santos,contact.522@client-522.com,JP,216588511.45
CLT-0358,Centaurus Pension 358,Noah Kim,contact.358@client-358.com,AU,216330038.10
CLT-0422,Atlas Investments 422,Carol White,contact.422@client-422.com,DE,216229355.59
CLT-0213,Orion Fund 213,David Brown,contact.213@client-213.com,FR,216149505.20
CLT-0233,Jupiter Wealth 233,Iris Clark,contact.233@client-233.com,IT,215677283.83
CLT-0646,Quantum Partners 646,Bob Smith,contact.646@client-646.com,GB,215285389.40
CLT-0346,Quantum Partners 346,Bob Smith,contact.346@client-346.com,GB,215171891.46
CLT-0536,Sirius Bank 536,Liam Chen,contact.536@client-536.com,HK,214641779.94
CLT-0059,Rigel Global 59,Olivia Patel,contact.59@client-59.com,CA,214379072.03
CLT-0991,Zenith Partners 991,Bob Smith,contact.991@client-991.com,GB,214340750.47
CLT-0601,Zenith Partners 601,Bob Smith,contact.601@client-601.com,GB,214213166.40
CLT-0124,Nexus Group 124,Emma Davis,contact.124@client-124.com,NL,214117309.01
CLT-0647,Helios Investments 647,Carol White,contact.647@client-647.com,DE,213600191.61
CLT-0098,Pinnacle Wealth 98,Iris Clark,contact.98@client-98.com,IT,213428569.59
CLT-0940,Sterling Finance 940,Karen Hughes,contact.940@client-940.com,SG,212774171.41
CLT-0461,Meridian Bank 461,Liam Chen,contact.461@client-461.com,HK,212761264.63
CLT-0223,Solaris Pension 223,Noah Kim,contact.223@client-223.com,AU,212751812.60
CLT-0267,Andromeda Insurance 267,Maria Santos,contact.267@client-267.com,JP,211845559.44
CLT-0175,Vega Finance 175,Karen Hughes,contact.175@client-175.com,SG,211823372.77
CLT-0345,Aurora Capital 345,Alice Johnson,contact.345@client-345.com,US,211175314.63
CLT-0859,Phoenix Group 859,Emma Davis,contact.859@client-859.com,NL,211125740.08
CLT-0116,Sirius Bank 116,Liam Chen,contact.116@client-116.com,HK,210938155.53
CLT-0756,Vertex Asset Management 756,Grace Lee,contact.756@client-756.com,BE,210766268.95
CLT-0118,Centaurus Pension 118,Noah Kim,contact.118@client-118.com,AU,210762979.71
CLT-0414,Saturn Trust 414,James Taylor,contact.414@client-414.com,LU,210456170.70
CLT-0106,Quantum Partners 106,Bob Smith,contact.106@client-106.com,GB,210143546.68
CLT-0354,Saturn Trust 354,James Taylor,contact.354@client-354.com,LU,209955066.45
CLT-0161,Meridian Bank 161,Liam Chen,contact.161@client-161.com,HK,209819161.15
CLT-0219,Horizon Trust 219,James Taylor,contact.219@client-219.com,LU,209669346.82
CLT-0478,Centaurus Pension 478,Noah Kim,contact.478@client-478.com,AU,209147602.78
CLT-0225,Aurora Capital 225,Alice Johnson,contact.225@client-225.com,US,209075920.40
CLT-0905,Apex Holdings 905,Frank Wilson,contact.905@client-905.com,CH,208601326.89
CLT-0798,Titan Fund 798,David Brown,contact.798@client-798.com,FR,208570011.48
CLT-0820,Sterling Finance 820,Karen Hughes,contact.820@client-820.com,SG,208505349.26
CLT-0723,Orion Fund 723,David Brown,contact.723@client-723.com,FR,208248716.71
CLT-0974,Polaris Global 974,Olivia Patel,contact.974@client-974.com,CA,208209855.89
CLT-0320,Olympus Holdings 320,Frank Wilson,contact.320@client-320.com,CH,207853331.20
CLT-0236,Sirius Bank 236,Liam Chen,contact.236@client-236.com,HK,207507851.59
CLT-0821,Meridian Bank 821,Liam Chen,contact.821@client-821.com,HK,207075940.88
CLT-0617,Helios Investments 617,Carol White,contact.617@client-617.com,DE,206977638.71
CLT-0285,Aurora Capital 285,Alice Johnson,contact.285@client-285.com,US,206783974.36
CLT-0158,Pinnacle Wealth 158,Iris Clark,contact.158@client-158.com,IT,206623627.42
CLT-0421,Zenith Partners 421,Bob Smith,contact.421@client-421.com,GB,206510958.82
CLT-0581,Meridian Bank 581,Liam Chen,contact.581@client-581.com,HK,206099787.67
CLT-0977,Helios Investments 977,Carol White,contact.977@client-977.com,DE,205907769.19
CLT-0921,Pegasus Asset Management 921,Grace Lee,contact.921@client-921.com,BE,205483385.18
CLT-0790,Sterling Finance 790,Karen Hughes,contact.790@client-790.com,SG,205357744.85
CLT-0614,Polaris Global 614,Olivia Patel,contact.614@client-614.com,CA,205247963.55
CLT-0926,Sirius Bank 926,Liam Chen,contact.926@client-926.com,HK,205178551.27
CLT-0294,Saturn Trust 294,James Taylor,contact.294@client-294.com,LU,205097927.88
CLT-0312,Cascade Insurance 312,Maria Santos,contact.312@client-312.com,JP,204774788.11
CLT-0641,Meridian Bank 641,Liam Chen,contact.641@client-641.com,HK,204531093.90
CLT-0671,Meridian Bank 671,Liam Chen,contact.671@client-671.com,HK,204116577.43
CLT-0199,Phoenix Group 199,Emma Davis,contact.199@client-199.com,NL,203932667.67
CLT-0954,Saturn Trust 954,James Taylor,contact.954@client-954.com,LU,203766376.37
CLT-0441,Pegasus Asset Management 441,Grace Lee,contact.441@client-441.com,BE,203395940.52
CLT-0722,Atlas Investments 722,Carol White,contact.722@client-722.com,DE,203206636.65
CLT-0202,Neptune Securities 202,Henry Martin,contact.202@client-202.com,ES,202481963.36
CLT-0297,Andromeda Insurance 297,Maria Santos,contact.297@client-297.com,JP,202395063.21
CLT-0237,Andromeda Insurance 237,Maria Santos,contact.237@client-237.com,JP,202095255.23
CLT-0255,Aurora Capital 255,Alice Johnson,contact.255@client-255.com,US,202076880.18
CLT-0928,Centaurus Pension 928,Noah Kim,contact.928@client-928.com,AU,201796662.34
CLT-0501,Pegasus Asset Management 501,Grace Lee,contact.501@client-501.com,BE,201705093.27
CLT-0561,Pegasus Asset Management 561,Grace Lee,contact.561@client-561.com,BE,201474766.13
CLT-0272,Atlas Investments 272,Carol White,contact.272@client-272.com,DE,201383589.95
CLT-0107,Helios Investments 107,Carol White,contact.107@client-107.com,DE,201252758.49
CLT-0413,Jupiter Wealth 413,Iris Clark,contact.413@client-413.com,IT,201159299.86
CLT-0031,Zenith Partners 31,Bob Smith,contact.31@client-31.com,GB,201118819.18
CLT-0474,Saturn Trust 474,James Taylor,contact.474@client-474.com,LU,201055169.84
CLT-0951,Pegasus Asset Management 951,Grace Lee,contact.951@client-951.com,BE,200767096.09
CLT-0011,Meridian Bank 11,Liam Chen,contact.11@client-11.com,HK,200356420.76
CLT-0533,Jupiter Wealth 533,Iris Clark,contact.533@client-533.com,IT,200168283.60
CLT-0417,Andromeda Insurance 417,Maria Santos,contact.417@client-417.com,JP,199870952.63
CLT-0703,Solaris Pension 703,Noah Kim,contact.703@client-703.com,AU,199410329.56
CLT-0280,Sterling Finance 280,Karen Hughes,contact.280@client-280.com,SG,199374276.81
CLT-0784,Nexus Group 784,Emma Davis,contact.784@client-784.com,NL,199222593.08
CLT-0914,Polaris Global 914,Olivia Patel,contact.914@client-914.com,CA,198907536.66
CLT-0562,Neptune Securities 562,Henry Martin,contact.562@client-562.com,ES,198832242.14
CLT-0551,Meridian Bank 551,Liam Chen,contact.551@client-551.com,HK,198780840.64
CLT-0371,Meridian Bank 371,Liam Chen,contact.371@client-371.com,HK,198695814.58
CLT-0761,Meridian Bank 761,Liam Chen,contact.761@client-761.com,HK,198694554.24
CLT-0230,Olympus Holdings 230,Frank Wilson,contact.230@client-230.com,CH,198005476.54
CLT-0128,Pinnacle Wealth 128,Iris Clark,contact.128@client-128.com,IT,197979342.01
CLT-0753,Orion Fund 753,David Brown,contact.753@client-753.com,FR,197879177.90
CLT-0953,Jupiter Wealth 953,Iris Clark,contact.953@client-953.com,IT,197637453.62
CLT-0058,Centaurus Pension 58,Noah Kim,contact.58@client-58.com,AU,197572150.13
CLT-0108,Titan Fund 108,David Brown,contact.108@client-108.com,FR,197233812.90
CLT-0110,Olympus Holdings 110,Frank Wilson,contact.110@client-110.com,CH,197222123.23
CLT-0014,Polaris Global 14,Olivia Patel,contact.14@client-14.com,CA,196777183.53
CLT-0172,Neptune Securities 172,Henry Martin,contact.172@client-172.com,ES,196230993.29
CLT-0017,Helios Investments 17,Carol White,contact.17@client-17.com,DE,196150707.66
CLT-0888,Titan Fund 888,David Brown,contact.888@client-888.com,FR,195873112.29
CLT-0483,Orion Fund 483,David Brown,contact.483@client-483.com,FR,195838859.59
CLT-0065,Apex Holdings 65,Frank Wilson,contact.65@client-65.com,CH,195743679.11
CLT-0245,Apex Holdings 245,Frank Wilson,contact.245@client-245.com,CH,195604957.41
CLT-0471,Pegasus Asset Management 471,Grace Lee,contact.471@client-471.com,BE,195452320.53
CLT-0239,Rigel Global 239,Olivia Patel,contact.239@client-239.com,CA,195244440.31
CLT-0191,Meridian Bank 191,Liam Chen,contact.191@client-191.com,HK,195024816.54
CLT-0677,Helios Investments 677,Carol White,contact.677@client-677.com,DE,194932231.14
CLT-0003,Orion Fund 3,David Brown,contact.3@client-3.com,FR,194799531.05
CLT-0766,Quantum Partners 766,Bob Smith,contact.766@client-766.com,GB,193953928.20
CLT-0453,Orion Fund 453,David Brown,contact.453@client-453.com,FR,193835148.92
CLT-0513,Orion Fund 513,David Brown,contact.513@client-513.com,FR,193713767.24
CLT-0988,Centaurus Pension 988,Noah Kim,contact.988@client-988.com,AU,193497491.67
CLT-0281,Meridian Bank 281,Liam Chen,contact.281@client-281.com,HK,192979738.39
CLT-0278,Pinnacle Wealth 278,Iris Clark,contact.278@client-278.com,IT,192603693.30
CLT-0252,Cascade Insurance 252,Maria Santos,contact.252@client-252.com,JP,192385312.47
CLT-0339,Horizon Trust 339,James Taylor,contact.339@client-339.com,LU,192298687.87
CLT-0877,Summit Securities 877,Henry Martin,contact.877@client-877.com,ES,192068019.30
CLT-0655,Vega Finance 655,Karen Hughes,contact.655@client-655.com,SG,191797641.27
CLT-0481,Zenith Partners 481,Bob Smith,contact.481@client-481.com,GB,191777657.93
CLT-0302,Atlas Investments 302,Carol White,contact.302@client-302.com,DE,191695837.80
CLT-0331,Zenith Partners 331,Bob Smith,contact.331@client-331.com,GB,191491958.60
CLT-0482,Atlas Investments 482,Carol White,contact.482@client-482.com,DE,191074617.78
CLT-0074,Polaris Global 74,Olivia Patel,contact.74@client-74.com,CA,191073653.25
CLT-0372,Cascade Insurance 372,Maria Santos,contact.372@client-372.com,JP,190953422.26
CLT-0993,Orion Fund 993,David Brown,contact.993@client-993.com,FR,190862466.20
CLT-0822,Cascade Insurance 822,Maria Santos,contact.822@client-822.com,JP,190175825.00
CLT-0148,Centaurus Pension 148,Noah Kim,contact.148@client-148.com,AU,189948083.21
CLT-0025,Vega Finance 25,Karen Hughes,contact.25@client-25.com,SG,189846119.03
CLT-0268,Centaurus Pension 268,Noah Kim,contact.268@client-268.com,AU,189768783.67
CLT-0384,Saturn Trust 384,James Taylor,contact.384@client-384.com,LU,189596127.54
CLT-0699,Horizon Trust 699,James Taylor,contact.699@client-699.com,LU,189396577.40
CLT-0658,Centaurus Pension 658,Noah Kim,contact.658@client-658.com,AU,189225075.63
CLT-0705,Aurora Capital 705,Alice Johnson,contact.705@client-705.com,US,188588507.45
CLT-0818,Pinnacle Wealth 818,Iris Clark,contact.818@client-818.com,IT,188522770.26
CLT-0304,Nexus Group 304,Emma Davis,contact.304@client-304.com,NL,187999731.26
CLT-0289,Phoenix Group 289,Emma Davis,contact.289@client-289.com,NL,187967182.81
CLT-0327,Andromeda Insurance 327,Maria Santos,contact.327@client-327.com,JP,187901582.89
CLT-0566,Sirius Bank 566,Liam Chen,contact.566@client-566.com,HK,187788426.79
CLT-0803,Jupiter Wealth 803,Iris Clark,contact.803@client-803.com,IT,187700528.08
CLT-0863,Jupiter Wealth 863,Iris Clark,contact.863@client-863.com,IT,187668572.11
CLT-0456,Vertex Asset Management 456,Grace Lee,contact.456@client-456.com,BE,187638449.10
CLT-0652,Neptune Securities 652,Henry Martin,contact.652@client-652.com,ES,187615068.27
CLT-0410,Olympus Holdings 410,Frank Wilson,contact.410@client-410.com,CH,187572621.97
CLT-0518,Pinnacle Wealth 518,Iris Clark,contact.518@client-518.com,IT,186980760.95
CLT-0748,Centaurus Pension 748,Noah Kim,contact.748@client-748.com,AU,186844233.66
CLT-0599,Rigel Global 599,Olivia Patel,contact.599@client-599.com,CA,186687287.94
CLT-0086,Sirius Bank 86,Liam Chen,contact.86@client-86.com,HK,186232687.19
CLT-0943,Solaris Pension 943,Noah Kim,contact.943@client-943.com,AU,186208245.24
CLT-0493,Solaris Pension 493,Noah Kim,contact.493@client-493.com,AU,186131300.89
CLT-0266,Sirius Bank 266,Liam Chen,contact.266@client-266.com,HK,185973674.53
CLT-0228,Titan Fund 228,David Brown,contact.228@client-228.com,FR,185968087.53
CLT-0451,Zenith Partners 451,Bob Smith,contact.451@client-451.com,GB,185882366.99
CLT-0336,Vertex Asset Management 336,Grace Lee,contact.336@client-336.com,BE,185661029.31
CLT-0010,Sterling Finance 10,Karen Hughes,contact.10@client-10.com,SG,185629251.96
CLT-0794,Polaris Global 794,Olivia Patel,contact.794@client-794.com,CA,185358090.44
CLT-0606,Vertex Asset Management 606,Grace Lee,contact.606@client-606.com,BE,184994747.98
CLT-0326,Sirius Bank 326,Liam Chen,contact.326@client-326.com,HK,184655141.67
CLT-0073,Solaris Pension 73,Noah Kim,contact.73@client-73.com,AU,184510563.00
CLT-0246,Vertex Asset Management 246,Grace Lee,contact.246@client-246.com,BE,184369142.78
CLT-0021,Pegasus Asset Management 21,Grace Lee,contact.21@client-21.com,BE,184339297.48
CLT-0224,Polaris Global 224,Olivia Patel,contact.224@client-224.com,CA,184228282.29
CLT-0263,Jupiter Wealth 263,Iris Clark,contact.263@client-263.com,IT,184034409.81
CLT-0956,Sirius Bank 956,Liam Chen,contact.956@client-956.com,HK,183289097.16
CLT-0512,Atlas Investments 512,Carol White,contact.512@client-512.com,DE,182780261.68
CLT-0023,Jupiter Wealth 23,Iris Clark,contact.23@client-23.com,IT,182754985.95
CLT-0396,Vertex Asset Management 396,Grace Lee,contact.396@client-396.com,BE,182745879.56
CLT-0206,Sirius Bank 206,Liam Chen,contact.206@client-206.com,HK,182745004.19
CLT-0721,Zenith Partners 721,Bob Smith,contact.721@client-721.com,GB,182712244.34
CLT-0517,Summit Securities 517,Henry Martin,contact.517@client-517.com,ES,182650802.36
CLT-0072,Cascade Insurance 72,Maria Santos,contact.72@client-72.com,JP,182325977.68
CLT-0629,Rigel Global 629,Olivia Patel,contact.629@client-629.com,CA,182289537.22
CLT-0290,Olympus Holdings 290,Frank Wilson,contact.290@client-290.com,CH,182274399.43
CLT-0765,Aurora Capital 765,Alice Johnson,contact.765@client-765.com,US,182100653.50
CLT-0995,Apex Holdings 995,Frank Wilson,contact.995@client-995.com,CH,181858011.90
CLT-0318,Titan Fund 318,David Brown,contact.318@client-318.com,FR,181739236.11
CLT-0028,Centaurus Pension 28,Noah Kim,contact.28@client-28.com,AU,181646107.17
CLT-0773,Jupiter Wealth 773,Iris Clark,contact.773@client-773.com,IT,181310997.53
CLT-0163,Solaris Pension 163,Noah Kim,contact.163@client-163.com,AU,181281053.37
CLT-0121,Zenith Partners 121,Bob Smith,contact.121@client-121.com,GB,181175703.61
CLT-0335,Apex Holdings 335,Frank Wilson,contact.335@client-335.com,CH,180880337.13
CLT-0527,Helios Investments 527,Carol White,contact.527@client-527.com,DE,180772402.53
CLT-0596,Sirius Bank 596,Liam Chen,contact.596@client-596.com,HK,180694095.33
CLT-0872,Atlas Investments 872,Carol White,contact.872@client-872.com,DE,180477228.05
CLT-0002,Atlas Investments 2,Carol White,contact.2@client-2.com,DE,180047419.26
CLT-0537,Andromeda Insurance 537,Maria Santos,contact.537@client-537.com,JP,180034200.57
CLT-0353,Jupiter Wealth 353,Iris Clark,contact.353@client-353.com,IT,179758854.53
CLT-0884,Polaris Global 884,Olivia Patel,contact.884@client-884.com,CA,179692700.41
CLT-0426,Vertex Asset Management 426,Grace Lee,contact.426@client-426.com,BE,179525674.97
CLT-0845,Apex Holdings 845,Frank Wilson,contact.845@client-845.com,CH,179335556.15
CLT-0848,Pinnacle Wealth 848,Iris Clark,contact.848@client-848.com,IT,178765653.08
CLT-0356,Sirius Bank 356,Liam Chen,contact.356@client-356.com,HK,178578894.22
CLT-0466,Quantum Partners 466,Bob Smith,contact.466@client-466.com,GB,178346515.99
CLT-0856,Quantum Partners 856,Bob Smith,contact.856@client-856.com,GB,178311749.17
CLT-0071,Meridian Bank 71,Liam Chen,contact.71@client-71.com,HK,178014186.26
CLT-0067,Summit Securities 67,Henry Martin,contact.67@client-67.com,ES,177825666.16
CLT-0799,Phoenix Group 799,Emma Davis,contact.799@client-799.com,NL,177791264.37
CLT-0226,Quantum Partners 226,Bob Smith,contact.226@client-226.com,GB,177666658.11
CLT-0408,Titan Fund 408,David Brown,contact.408@client-408.com,FR,177522127.11
CLT-0288,Titan Fund 288,David Brown,contact.288@client-288.com,FR,177280954.53
CLT-0777,Andromeda Insurance 777,Maria Santos,contact.777@client-777.com,JP,176915356.09
CLT-0016,Quantum Partners 16,Bob Smith,contact.16@client-16.com,GB,176144706.57
CLT-0209,Rigel Global 209,Olivia Patel,contact.209@client-209.com,CA,176131489.50
CLT-0049,Phoenix Group 49,Emma Davis,contact.49@client-49.com,NL,176123792.39
CLT-0976,Quantum Partners 976,Bob Smith,contact.976@client-976.com,GB,176023633.70
CLT-0676,Quantum Partners 676,Bob Smith,contact.676@client-676.com,GB,175985406.15
CLT-0826,Quantum Partners 826,Bob Smith,contact.826@client-826.com,GB,175926321.40
CLT-0684,Saturn Trust 684,James Taylor,contact.684@client-684.com,LU,175876591.96
CLT-0712,Neptune Securities 712,Henry Martin,contact.712@client-712.com,ES,175833374.34
CLT-0814,Nexus Group 814,Emma Davis,contact.814@client-814.com,NL,175759760.79
CLT-0881,Meridian Bank 881,Liam Chen,contact.881@client-881.com,HK,175486166.38
CLT-0313,Solaris Pension 313,Noah Kim,contact.313@client-313.com,AU,175124706.13
CLT-0403,Solaris Pension 403,Noah Kim,contact.403@client-403.com,AU,175043797.90
CLT-0484,Nexus Group 484,Emma Davis,contact.484@client-484.com,NL,174785653.09
CLT-0835,Vega Finance 835,Karen Hughes,contact.835@client-835.com,SG,174745663.01
CLT-0477,Andromeda Insurance 477,Maria Santos,contact.477@client-477.com,JP,174516248.29
CLT-0696,Vertex Asset Management 696,Grace Lee,contact.696@client-696.com,BE,174216618.54
CLT-0657,Andromeda Insurance 657,Maria Santos,contact.657@client-657.com,JP,173995896.04
CLT-0802,Neptune Securities 802,Henry Martin,contact.802@client-802.com,ES,173995265.05
CLT-0944,Polaris Global 944,Olivia Patel,contact.944@client-944.com,CA,173791116.57
CLT-0742,Neptune Securities 742,Henry Martin,contact.742@client-742.com,ES,173631330.12
CLT-0329,Rigel Global 329,Olivia Patel,contact.329@client-329.com,CA,173541968.18
CLT-0829,Phoenix Group 829,Emma Davis,contact.829@client-829.com,NL,173478573.41
CLT-0026,Sirius Bank 26,Liam Chen,contact.26@client-26.com,HK,173451692.71
CLT-0747,Andromeda Insurance 747,Maria Santos,contact.747@client-747.com,JP,173441049.33
CLT-0149,Rigel Global 149,Olivia Patel,contact.149@client-149.com,CA,173421198.98
CLT-0279,Horizon Trust 279,James Taylor,contact.279@client-279.com,LU,173355133.06
CLT-0154,Nexus Group 154,Emma Davis,contact.154@client-154.com,NL,173274157.69
CLT-0674,Polaris Global 674,Olivia Patel,contact.674@client-674.com,CA,173064649.45
CLT-0635,Apex Holdings 635,Frank Wilson,contact.635@client-635.com,CH,173003746.61
CLT-0564,Saturn Trust 564,James Taylor,contact.564@client-564.com,LU,172811434.58
CLT-0894,Saturn Trust 894,James Taylor,contact.894@client-894.com,LU,172584981.98
CLT-0702,Cascade Insurance 702,Maria Santos,contact.702@client-702.com,JP,172225778.61
CLT-0554,Polaris Global 554,Olivia Patel,contact.554@client-554.com,CA,172183948.01
CLT-0735,Aurora Capital 735,Alice Johnson,contact.735@client-735.com,US,172157938.90
CLT-0097,Summit Securities 97,Henry Martin,contact.97@client-97.com,ES,172091457.56
CLT-0718,Centaurus Pension 718,Noah Kim,contact.718@client-718.com,AU,171600290.25
CLT-0560,Olympus Holdings 560,Frank Wilson,contact.560@client-560.com,CH,171545196.25
CLT-0713,Jupiter Wealth 713,Iris Clark,contact.713@client-713.com,IT,171261260.84
CLT-0758,Pinnacle Wealth 758,Iris Clark,contact.758@client-758.com,IT,171119746.41
CLT-0220,Sterling Finance 220,Karen Hughes,contact.220@client-220.com,SG,171066285.19
CLT-0079,Phoenix Group 79,Emma Davis,contact.79@client-79.com,NL,170994314.31
CLT-0737,Helios Investments 737,Carol White,contact.737@client-737.com,DE,170908609.54
CLT-0473,Jupiter Wealth 473,Iris Clark,contact.473@client-473.com,IT,170728910.64
CLT-0961,Zenith Partners 961,Bob Smith,contact.961@client-961.com,GB,170715804.28
CLT-0309,Horizon Trust 309,James Taylor,contact.309@client-309.com,LU,170653694.07
CLT-0823,Solaris Pension 823,Noah Kim,contact.823@client-823.com,AU,170446734.25
CLT-0156,Vertex Asset Management 156,Grace Lee,contact.156@client-156.com,BE,170015138.80
CLT-0349,Phoenix Group 349,Emma Davis,contact.349@client-349.com,NL,169928545.99
CLT-0385,Vega Finance 385,Karen Hughes,contact.385@client-385.com,SG,169554019.94
CLT-0918,Titan Fund 918,David Brown,contact.918@client-918.com,FR,168759290.24
CLT-0678,Titan Fund 678,David Brown,contact.678@client-678.com,FR,168543039.07
CLT-0530,Olympus Holdings 530,Frank Wilson,contact.530@client-530.com,CH,168422041.28
CLT-0076,Quantum Partners 76,Bob Smith,contact.76@client-76.com,GB,168250095.18
CLT-0941,Meridian Bank 941,Liam Chen,contact.941@client-941.com,HK,168205340.04
CLT-0833,Jupiter Wealth 833,Iris Clark,contact.833@client-833.com,IT,168103654.24
CLT-0779,Rigel Global 779,Olivia Patel,contact.779@client-779.com,CA,167849268.16
CLT-0195,Aurora Capital 195,Alice Johnson,contact.195@client-195.com,US,167711166.40
CLT-0919,Phoenix Group 919,Emma Davis,contact.919@client-919.com,NL,167667990.94
CLT-0575,Apex Holdings 575,Frank Wilson,contact.575@client-575.com,CH,167506621.86
CLT-0593,Jupiter Wealth 593,Iris Clark,contact.593@client-593.com,IT,167433185.67
CLT-0542,Atlas Investments 542,Carol White,contact.542@client-542.com,DE,167117848.47
CLT-0936,Vertex Asset Management 936,Grace Lee,contact.936@client-936.com,BE,167096924.32
CLT-0112,Neptune Securities 112,Henry Martin,contact.112@client-112.com,ES,166965188.89
CLT-0041,Meridian Bank 41,Liam Chen,contact.41@client-41.com,HK,166928170.19
CLT-0855,Aurora Capital 855,Alice Johnson,contact.855@client-855.com,US,166698637.85
CLT-0552,Cascade Insurance 552,Maria Santos,contact.552@client-552.com,JP,166604944.31
CLT-0656,Sirius Bank 656,Liam Chen,contact.656@client-656.com,HK,166587132.77
CLT-0534,Saturn Trust 534,James Taylor,contact.534@client-534.com,LU,166491325.76
CLT-0427,Summit Securities 427,Henry Martin,contact.427@client-427.com,ES,166431194.21
CLT-0177,Andromeda Insurance 177,Maria Santos,contact.177@client-177.com,JP,166242980.28
CLT-0942,Cascade Insurance 942,Maria Santos,contact.942@client-942.com,JP,166077227.48
CLT-0383,Jupiter Wealth 383,Iris Clark,contact.383@client-383.com,IT,165826459.36
CLT-0807,Andromeda Insurance 807,Maria Santos,contact.807@client-807.com,JP,165486726.96
CLT-0197,Helios Investments 197,Carol White,contact.197@client-197.com,DE,165429394.70
CLT-0296,Sirius Bank 296,Liam Chen,contact.296@client-296.com,HK,165344587.26
CLT-0284,Polaris Global 284,Olivia Patel,contact.284@client-284.com,CA,165283589.88
CLT-0094,Nexus Group 94,Emma Davis,contact.94@client-94.com,NL,165219123.16
CLT-0428,Pinnacle Wealth 428,Iris Clark,contact.428@client-428.com,IT,165112912.82
CLT-0140,Olympus Holdings 140,Frank Wilson,contact.140@client-140.com,CH,165091868.63
CLT-0879,Horizon Trust 879,James Taylor,contact.879@client-879.com,LU,165023307.85
CLT-0857,Helios Investments 857,Carol White,contact.857@client-857.com,DE,164931112.17
CLT-0811,Zenith Partners 811,Bob Smith,contact.811@client-811.com,GB,164921658.18
CLT-0244,Nexus Group 244,Emma Davis,contact.244@client-244.com,NL,164904319.27
CLT-0831,Pegasus Asset Management 831,Grace Lee,contact.831@client-831.com,BE,164880139.54
CLT-0115,Vega Finance 115,Karen Hughes,contact.115@client-115.com,SG,164824389.79
CLT-0662,Atlas Investments 662,Carol White,contact.662@client-662.com,DE,164720449.62
CLT-0739,Phoenix Group 739,Emma Davis,contact.739@client-739.com,NL,164351025.93
CLT-0731,Meridian Bank 731,Liam Chen,contact.731@client-731.com,HK,164132073.57
CLT-0663,Orion Fund 663,David Brown,contact.663@client-663.com,FR,164095937.58
CLT-0916,Quantum Partners 916,Bob Smith,contact.916@client-916.com,GB,163852163.23
CLT-0788,Pinnacle Wealth 788,Iris Clark,contact.788@client-788.com,IT,163689208.70
CLT-0732,Cascade Insurance 732,Maria Santos,contact.732@client-732.com,JP,163666766.14
CLT-0692,Atlas Investments 692,Carol White,contact.692@client-692.com,DE,163638436.64
CLT-0967,Summit Securities 967,Henry Martin,contact.967@client-967.com,ES,163484638.52
CLT-0553,Solaris Pension 553,Noah Kim,contact.553@client-553.com,AU,163342961.51
CLT-0643,Solaris Pension 643,Noah Kim,contact.643@client-643.com,AU,163317748.20
CLT-0370,Sterling Finance 370,Karen Hughes,contact.370@client-370.com,SG,163276324.29
CLT-0903,Orion Fund 903,David Brown,contact.903@client-903.com,FR,163222441.61
CLT-0344,Polaris Global 344,Olivia Patel,contact.344@client-344.com,CA,163161554.84
CLT-0880,Sterling Finance 880,Karen Hughes,contact.880@client-880.com,SG,163017116.88
CLT-0324,Saturn Trust 324,James Taylor,contact.324@client-324.com,LU,163008768.33
CLT-0027,Andromeda Insurance 27,Maria Santos,contact.27@client-27.com,JP,162991129.28
CLT-0576,Vertex Asset Management 576,Grace Lee,contact.576@client-576.com,BE,162843943.62
CLT-0212,Atlas Investments 212,Carol White,contact.212@client-212.com,DE,162790749.73
CLT-0054,Saturn Trust 54,James Taylor,contact.54@client-54.com,LU,162733006.00
CLT-0806,Sirius Bank 806,Liam Chen,contact.806@client-806.com,HK,162603218.96
CLT-0465,Aurora Capital 465,Alice Johnson,contact.465@client-465.com,US,162499627.55
CLT-0367,Summit Securities 367,Henry Martin,contact.367@client-367.com,ES,162443178.86
CLT-0338,Pinnacle Wealth 338,Iris Clark,contact.338@client-338.com,IT,162379636.26
CLT-0062,Atlas Investments 62,Carol White,contact.62@client-62.com,DE,162285382.30
CLT-0494,Polaris Global 494,Olivia Patel,contact.494@client-494.com,CA,162268467.39
CLT-0688,Centaurus Pension 688,Noah Kim,contact.688@client-688.com,AU,162249354.26
CLT-0490,Sterling Finance 490,Karen Hughes,contact.490@client-490.com,SG,162168118.31
CLT-0029,Rigel Global 29,Olivia Patel,contact.29@client-29.com,CA,162080097.45
CLT-0325,Vega Finance 325,Karen Hughes,contact.325@client-325.com,SG,162004784.96
CLT-0399,Horizon Trust 399,James Taylor,contact.399@client-399.com,LU,161829753.19
CLT-0186,Vertex Asset Management 186,Grace Lee,contact.186@client-186.com,BE,161748468.28
CLT-0886,Quantum Partners 886,Bob Smith,contact.886@client-886.com,GB,161701082.27
CLT-0416,Sirius Bank 416,Liam Chen,contact.416@client-416.com,HK,161335189.02
CLT-0257,Helios Investments 257,Carol White,contact.257@client-257.com,DE,160922258.82
CLT-0092,Atlas Investments 92,Carol White,contact.92@client-92.com,DE,160746444.77
CLT-0055,Vega Finance 55,Karen Hughes,contact.55@client-55.com,SG,160703760.51
CLT-0365,Apex Holdings 365,Frank Wilson,contact.365@client-365.com,CH,160321018.99
CLT-0608,Pinnacle Wealth 608,Iris Clark,contact.608@client-608.com,IT,160196517.33
CLT-0917,Helios Investments 917,Carol White,contact.917@client-917.com,DE,160110845.94
CLT-0182,Atlas Investments 182,Carol White,contact.182@client-182.com,DE,160057362.24
CLT-0726,Vertex Asset Management 726,Grace Lee,contact.726@client-726.com,BE,159002115.54
CLT-0701,Meridian Bank 701,Liam Chen,contact.701@client-701.com,HK,158936270.22
CLT-0227,Helios Investments 227,Carol White,contact.227@client-227.com,DE,158853728.68
CLT-0254,Polaris Global 254,Olivia Patel,contact.254@client-254.com,CA,158676373.24
CLT-0837,Andromeda Insurance 837,Maria Santos,contact.837@client-837.com,JP,158386567.98
CLT-0585,Aurora Capital 585,Alice Johnson,contact.585@client-585.com,US,158067017.72
CLT-0935,Apex Holdings 935,Frank Wilson,contact.935@client-935.com,CH,157893339.41
CLT-0386,Sirius Bank 386,Liam Chen,contact.386@client-386.com,HK,157888305.73
CLT-0038,Pinnacle Wealth 38,Iris Clark,contact.38@client-38.com,IT,157705165.38
CLT-0432,Cascade Insurance 432,Maria Santos,contact.432@client-432.com,JP,157503544.65
CLT-0508,Centaurus Pension 508,Noah Kim,contact.508@client-508.com,AU,157482419.81
CLT-0232,Neptune Securities 232,Henry Martin,contact.232@client-232.com,ES,157224722.08
CLT-0078,Titan Fund 78,David Brown,contact.78@client-78.com,FR,156958341.24
CLT-0558,Titan Fund 558,David Brown,contact.558@client-558.com,FR,156771984.01
CLT-0525,Aurora Capital 525,Alice Johnson,contact.525@client-525.com,US,156354539.90
CLT-0169,Phoenix Group 169,Emma Davis,contact.169@client-169.com,NL,156336646.35
CLT-0095,Apex Holdings 95,Frank Wilson,contact.95@client-95.com,CH,156288670.19
CLT-0454,Nexus Group 454,Emma Davis,contact.454@client-454.com,NL,156227721.71
CLT-0957,Andromeda Insurance 957,Maria Santos,contact.957@client-957.com,JP,156133412.86
CLT-0645,Aurora Capital 645,Alice Johnson,contact.645@client-645.com,US,156078265.11
CLT-0159,Horizon Trust 159,James Taylor,contact.159@client-159.com,LU,156062346.31
CLT-0571,Zenith Partners 571,Bob Smith,contact.571@client-571.com,GB,155849247.40
CLT-0099,Horizon Trust 99,James Taylor,contact.99@client-99.com,LU,155479941.62
CLT-0436,Quantum Partners 436,Bob Smith,contact.436@client-436.com,GB,155241742.85
CLT-0539,Rigel Global 539,Olivia Patel,contact.539@client-539.com,CA,154897096.43
CLT-0932,Atlas Investments 932,Carol White,contact.932@client-932.com,DE,154658871.40
CLT-0019,Phoenix Group 19,Emma Davis,contact.19@client-19.com,NL,154613807.40
CLT-0495,Aurora Capital 495,Alice Johnson,contact.495@client-495.com,US,154515976.90
CLT-0714,Saturn Trust 714,James Taylor,contact.714@client-714.com,LU,154498205.34
CLT-0979,Phoenix Group 979,Emma Davis,contact.979@client-979.com,NL,154470881.34
CLT-0129,Horizon Trust 129,James Taylor,contact.129@client-129.com,LU,154428736.66
CLT-0357,Andromeda Insurance 357,Maria Santos,contact.357@client-357.com,JP,154379975.91
CLT-0651,Pegasus Asset Management 651,Grace Lee,contact.651@client-651.com,BE,154122355.93
CLT-0126,Vertex Asset Management 126,Grace Lee,contact.126@client-126.com,BE,153724942.97
CLT-0964,Nexus Group 964,Emma Davis,contact.964@client-964.com,NL,153574795.77
CLT-0577,Summit Securities 577,Henry Martin,contact.577@client-577.com,ES,153558388.39
CLT-0890,Olympus Holdings 890,Frank Wilson,contact.890@client-890.com,CH,153197293.82
CLT-0321,Pegasus Asset Management 321,Grace Lee,contact.321@client-321.com,BE,152995030.09
CLT-0644,Polaris Global 644,Olivia Patel,contact.644@client-644.com,CA,152760922.38
CLT-0138,Titan Fund 138,David Brown,contact.138@client-138.com,FR,152727159.85
CLT-0544,Nexus Group 544,Emma Davis,contact.544@client-544.com,NL,152720201.07
CLT-0431,Meridian Bank 431,Liam Chen,contact.431@client-431.com,HK,152680607.63
CLT-0340,Sterling Finance 340,Karen Hughes,contact.340@client-340.com,SG,152651928.86
CLT-0986,Sirius Bank 986,Liam Chen,contact.986@client-986.com,HK,152532515.00
CLT-0992,Atlas Investments 992,Carol White,contact.992@client-992.com,DE,152521177.76
CLT-0262,Neptune Securities 262,Henry Martin,contact.262@client-262.com,ES,152078826.18
CLT-0555,Aurora Capital 555,Alice Johnson,contact.555@client-555.com,US,152050687.53
CLT-0194,Polaris Global 194,Olivia Patel,contact.194@client-194.com,CA,151493320.46
CLT-0611,Meridian Bank 611,Liam Chen,contact.611@client-611.com,HK,151380398.24
CLT-0047,Helios Investments 47,Carol White,contact.47@client-47.com,DE,151106155.61
CLT-0867,Andromeda Insurance 867,Maria Santos,contact.867@client-867.com,JP,151053833.28
CLT-0982,Neptune Securities 982,Henry Martin,contact.982@client-982.com,ES,150696442.39
CLT-0063,Orion Fund 63,David Brown,contact.63@client-63.com,FR,150431988.28
CLT-0996,Vertex Asset Management 996,Grace Lee,contact.996@client-996.com,BE,150120672.24
CLT-0526,Quantum Partners 526,Bob Smith,contact.526@client-526.com,GB,150015819.42
CLT-0642,Cascade Insurance 642,Maria Santos,contact.642@client-642.com,JP,149897904.61
CLT-0506,Sirius Bank 506,Liam Chen,contact.506@client-506.com,HK,149872874.50
CLT-0668,Pinnacle Wealth 668,Iris Clark,contact.668@client-668.com,IT,149531131.32
CLT-0333,Orion Fund 333,David Brown,contact.333@client-333.com,FR,149507151.96
CLT-0425,Apex Holdings 425,Frank Wilson,contact.425@client-425.com,CH,149439817.09
CLT-0620,Olympus Holdings 620,Frank Wilson,contact.620@client-620.com,CH,149112102.30
CLT-0380,Olympus Holdings 380,Frank Wilson,contact.380@client-380.com,CH,148913580.76
CLT-0234,Saturn Trust 234,James Taylor,contact.234@client-234.com,LU,148776766.40
CLT-0382,Neptune Securities 382,Henry Martin,contact.382@client-382.com,ES,148584716.13
CLT-0443,Jupiter Wealth 443,Iris Clark,contact.443@client-443.com,IT,148492682.45
CLT-0271,Zenith Partners 271,Bob Smith,contact.271@client-271.com,GB,148366393.58
CLT-0923,Jupiter Wealth 923,Iris Clark,contact.923@client-923.com,IT,148305022.17
CLT-0785,Apex Holdings 785,Frank Wilson,contact.785@client-785.com,CH,148148459.21
CLT-0509,Rigel Global 509,Olivia Patel,contact.509@client-509.com,CA,148146297.81
CLT-0949,Phoenix Group 949,Emma Davis,contact.949@client-949.com,NL,148129330.52
CLT-0610,Sterling Finance 610,Karen Hughes,contact.610@client-610.com,SG,148067336.02
CLT-0616,Quantum Partners 616,Bob Smith,contact.616@client-616.com,GB,147741654.72
CLT-0185,Apex Holdings 185,Frank Wilson,contact.185@client-185.com,CH,147628576.80
CLT-0589,Phoenix Group 589,Emma Davis,contact.589@client-589.com,NL,147576869.94
CLT-0711,Pegasus Asset Management 711,Grace Lee,contact.711@client-711.com,BE,146975663.55
CLT-0882,Cascade Insurance 882,Maria Santos,contact.882@client-882.com,JP,146848916.66
CLT-0179,Rigel Global 179,Olivia Patel,contact.179@client-179.com,CA,146669184.54
CLT-0887,Helios Investments 887,Carol White,contact.887@client-887.com,DE,146627674.39
CLT-0809,Rigel Global 809,Olivia Patel,contact.809@client-809.com,CA,146565497.54
CLT-0816,Vertex Asset Management 816,Grace Lee,contact.816@client-816.com,BE,146370442.70
CLT-0141,Pegasus Asset Management 141,Grace Lee,contact.141@client-141.com,BE,146039011.44
CLT-0640,Sterling Finance 640,Karen Hughes,contact.640@client-640.com,SG,145816026.01
CLT-0755,Apex Holdings 755,Frank Wilson,contact.755@client-755.com,CH,145807483.51
CLT-0813,Orion Fund 813,David Brown,contact.813@client-813.com,FR,145464338.13
CLT-0902,Atlas Investments 902,Carol White,contact.902@client-902.com,DE,145268929.25
CLT-0136,Quantum Partners 136,Bob Smith,contact.136@client-136.com,GB,144962284.53
CLT-0332,Atlas Investments 332,Carol White,contact.332@client-332.com,DE,144920583.03
CLT-0693,Orion Fund 693,David Brown,contact.693@client-693.com,FR,144295256.16
CLT-0229,Phoenix Group 229,Emma Davis,contact.229@client-229.com,NL,144248410.69
CLT-0085,Vega Finance 85,Karen Hughes,contact.85@client-85.com,SG,144186066.36
CLT-0938,Pinnacle Wealth 938,Iris Clark,contact.938@client-938.com,IT,144166802.50
CLT-0587,Helios Investments 587,Carol White,contact.587@client-587.com,DE,144111356.31
CLT-0389,Rigel Global 389,Olivia Patel,contact.389@client-389.com,CA,144104877.65
CLT-0716,Sirius Bank 716,Liam Chen,contact.716@client-716.com,HK,144083508.84
CLT-0927,Andromeda Insurance 927,Maria Santos,contact.927@client-927.com,JP,143846589.34
CLT-0260,Olympus Holdings 260,Frank Wilson,contact.260@client-260.com,CH,143803527.32
CLT-0043,Solaris Pension 43,Noah Kim,contact.43@client-43.com,AU,143707475.84
CLT-0728,Pinnacle Wealth 728,Iris Clark,contact.728@client-728.com,IT,143648534.83
CLT-0066,Vertex Asset Management 66,Grace Lee,contact.66@client-66.com,BE,143558340.53
CLT-0603,Orion Fund 603,David Brown,contact.603@client-603.com,FR,143423136.39
CLT-0306,Vertex Asset Management 306,Grace Lee,contact.306@client-306.com,BE,143407225.82
CLT-0070,Sterling Finance 70,Karen Hughes,contact.70@client-70.com,SG,143197113.87
CLT-0190,Sterling Finance 190,Karen Hughes,contact.190@client-190.com,SG,142983645.42
CLT-0972,Cascade Insurance 972,Maria Santos,contact.972@client-972.com,JP,142786050.37
CLT-0824,Polaris Global 824,Olivia Patel,contact.824@client-824.com,CA,142784276.67
CLT-0089,Rigel Global 89,Olivia Patel,contact.89@client-89.com,CA,142695219.78
CLT-0538,Centaurus Pension 538,Noah Kim,contact.538@client-538.com,AU,142565430.47
CLT-0139,Phoenix Group 139,Emma Davis,contact.139@client-139.com,NL,142545123.85
CLT-0801,Pegasus Asset Management 801,Grace Lee,contact.801@client-801.com,BE,142544263.67
CLT-0048,Titan Fund 48,David Brown,contact.48@client-48.com,FR,142345071.63
CLT-0778,Centaurus Pension 778,Noah Kim,contact.778@client-778.com,AU,142335624.69
CLT-0123,Orion Fund 123,David Brown,contact.123@client-123.com,FR,142308964.80
CLT-0464,Polaris Global 464,Olivia Patel,contact.464@client-464.com,CA,142279148.20
CLT-0832,Neptune Securities 832,Henry Martin,contact.832@client-832.com,ES,142227269.37
CLT-0675,Aurora Capital 675,Alice Johnson,contact.675@client-675.com,US,142019331.04
CLT-0795,Aurora Capital 795,Alice Johnson,contact.795@client-795.com,US,141747786.28
CLT-0424,Nexus Group 424,Emma Davis,contact.424@client-424.com,NL,141698090.68
CLT-0259,Phoenix Group 259,Emma Davis,contact.259@client-259.com,NL,141533604.58
CLT-0153,Orion Fund 153,David Brown,contact.153@client-153.com,FR,141444750.04
CLT-0433,Solaris Pension 433,Noah Kim,contact.433@client-433.com,AU,141370252.21
CLT-0024,Saturn Trust 24,James Taylor,contact.24@client-24.com,LU,141139982.73
CLT-0897,Andromeda Insurance 897,Maria Santos,contact.897@client-897.com,JP,140619766.42
CLT-0174,Saturn Trust 174,James Taylor,contact.174@client-174.com,LU,140137284.49
CLT-0683,Jupiter Wealth 683,Iris Clark,contact.683@client-683.com,IT,140092412.80
CLT-0653,Jupiter Wealth 653,Iris Clark,contact.653@client-653.com,IT,139991280.43
CLT-0729,Horizon Trust 729,James Taylor,contact.729@client-729.com,LU,139934714.42
CLT-0782,Atlas Investments 782,Carol White,contact.782@client-782.com,DE,139815369.15
CLT-0081,Pegasus Asset Management 81,Grace Lee,contact.81@client-81.com,BE,139761650.51
CLT-0738,Titan Fund 738,David Brown,contact.738@client-738.com,FR,139635929.97
CLT-0261,Pegasus Asset Management 261,Grace Lee,contact.261@client-261.com,BE,139535370.78
CLT-0373,Solaris Pension 373,Noah Kim,contact.373@client-373.com,AU,139423829.15
CLT-0966,Vertex Asset Management 966,Grace Lee,contact.966@client-966.com,BE,139376743.11
CLT-0787,Summit Securities 787,Henry Martin,contact.787@client-787.com,ES,139374747.87
CLT-0248,Pinnacle Wealth 248,Iris Clark,contact.248@client-248.com,IT,139306440.46
CLT-0638,Pinnacle Wealth 638,Iris Clark,contact.638@client-638.com,IT,139295804.18
CLT-0910,Sterling Finance 910,Karen Hughes,contact.910@client-910.com,SG,139236358.62
CLT-0528,Titan Fund 528,David Brown,contact.528@client-528.com,FR,138836577.35
CLT-0710,Olympus Holdings 710,Frank Wilson,contact.710@client-710.com,CH,138503358.11
CLT-0282,Cascade Insurance 282,Maria Santos,contact.282@client-282.com,JP,138278672.22
CLT-0388,Centaurus Pension 388,Noah Kim,contact.388@client-388.com,AU,138214964.48
CLT-0636,Vertex Asset Management 636,Grace Lee,contact.636@client-636.com,BE,137921709.08
CLT-0901,Zenith Partners 901,Bob Smith,contact.901@client-901.com,GB,137784109.58
CLT-0152,Atlas Investments 152,Carol White,contact.152@client-152.com,DE,137745137.45
CLT-0201,Pegasus Asset Management 201,Grace Lee,contact.201@client-201.com,BE,137734399.11
CLT-0449,Rigel Global 449,Olivia Patel,contact.449@client-449.com,CA,137611454.09
CLT-0781,Zenith Partners 781,Bob Smith,contact.781@client-781.com,GB,137564619.81
CLT-0762,Cascade Insurance 762,Maria Santos,contact.762@client-762.com,JP,137336862.95
CLT-0931,Zenith Partners 931,Bob Smith,contact.931@client-931.com,GB,137099815.88
CLT-0208,Centaurus Pension 208,Noah Kim,contact.208@client-208.com,AU,136658530.33
CLT-0104,Polaris Global 104,Olivia Patel,contact.104@client-104.com,CA,136258674.04
CLT-0907,Summit Securities 907,Henry Martin,contact.907@client-907.com,ES,135668123.42
CLT-0374,Polaris Global 374,Olivia Patel,contact.374@client-374.com,CA,135632689.86
CLT-0277,Summit Securities 277,Henry Martin,contact.277@client-277.com,ES,135625278.45
CLT-0764,Polaris Global 764,Olivia Patel,contact.764@client-764.com,CA,135515892.63
CLT-0757,Summit Securities 757,Henry Martin,contact.757@client-757.com,ES,135414943.23
CLT-0435,Aurora Capital 435,Alice Johnson,contact.435@client-435.com,US,135389061.35
CLT-0749,Rigel Global 749,Olivia Patel,contact.749@client-749.com,CA,135374986.27
CLT-0860,Olympus Holdings 860,Frank Wilson,contact.860@client-860.com,CH,135264814.28
CLT-0170,Olympus Holdings 170,Frank Wilson,contact.170@client-170.com,CH,135254414.97
CLT-0061,Zenith Partners 61,Bob Smith,contact.61@client-61.com,GB,135167628.86
CLT-0221,Meridian Bank 221,Liam Chen,contact.221@client-221.com,HK,135097087.03
CLT-0922,Neptune Securities 922,Henry Martin,contact.922@client-922.com,ES,135001377.79
CLT-0196,Quantum Partners 196,Bob Smith,contact.196@client-196.com,GB,134967464.77
CLT-0176,Sirius Bank 176,Liam Chen,contact.176@client-176.com,HK,134782023.33
CLT-0578,Pinnacle Wealth 578,Iris Clark,contact.578@client-578.com,IT,134681284.53
CLT-0039,Horizon Trust 39,James Taylor,contact.39@client-39.com,LU,134555149.40
CLT-0034,Nexus Group 34,Emma Davis,contact.34@client-34.com,NL,134511712.32
CLT-0458,Pinnacle Wealth 458,Iris Clark,contact.458@client-458.com,IT,134382378.57
CLT-0479,Rigel Global 479,Olivia Patel,contact.479@client-479.com,CA,134135898.15
CLT-0962,Atlas Investments 962,Carol White,contact.962@client-962.com,DE,134092955.03
CLT-0618,Titan Fund 618,David Brown,contact.618@client-618.com,FR,134025264.71
CLT-0834,Saturn Trust 834,James Taylor,contact.834@client-834.com,LU,133562775.10
CLT-0898,Centaurus Pension 898,Noah Kim,contact.898@client-898.com,AU,133510234.55
CLT-0808,Centaurus Pension 808,Noah Kim,contact.808@client-808.com,AU,133480666.19
CLT-0310,Sterling Finance 310,Karen Hughes,contact.310@client-310.com,SG,133410076.61
CLT-0247,Summit Securities 247,Henry Martin,contact.247@client-247.com,ES,133214919.89
CLT-0463,Solaris Pension 463,Noah Kim,contact.463@client-463.com,AU,133139696.68
CLT-0167,Helios Investments 167,Carol White,contact.167@client-167.com,DE,133092946.39
CLT-0685,Vega Finance 685,Karen Hughes,contact.685@client-685.com,SG,132544852.62
CLT-0468,Titan Fund 468,David Brown,contact.468@client-468.com,FR,132507012.64
CLT-0791,Meridian Bank 791,Liam Chen,contact.791@client-791.com,HK,132485875.81
CLT-0706,Quantum Partners 706,Bob Smith,contact.706@client-706.com,GB,132423339.56
CLT-0866,Sirius Bank 866,Liam Chen,contact.866@client-866.com,HK,132302806.89
CLT-0984,Saturn Trust 984,James Taylor,contact.984@client-984.com,LU,132275931.38
CLT-0639,Horizon Trust 639,James Taylor,contact.639@client-639.com,LU,132263052.61
CLT-0131,Meridian Bank 131,Liam Chen,contact.131@client-131.com,HK,132000601.11
CLT-0235,Vega Finance 235,Karen Hughes,contact.235@client-235.com,SG,131649777.19
CLT-0412,Neptune Securities 412,Henry Martin,contact.412@client-412.com,ES,131643709.43
CLT-0114,Saturn Trust 114,James Taylor,contact.114@client-114.com,LU,131608833.70
CLT-0568,Centaurus Pension 568,Noah Kim,contact.568@client-568.com,AU,131527767.87
CLT-0661,Zenith Partners 661,Bob Smith,contact.661@client-661.com,GB,131329217.02
CLT-0314,Polaris Global 314,Olivia Patel,contact.314@client-314.com,CA,131184146.59
CLT-0709,Phoenix Group 709,Emma Davis,contact.709@client-709.com,NL,130898445.00
CLT-0462,Cascade Insurance 462,Maria Santos,contact.462@client-462.com,JP,130641530.31
CLT-0873,Orion Fund 873,David Brown,contact.873@client-873.com,FR,130630302.12
CLT-0375,Aurora Capital 375,Alice Johnson,contact.375@client-375.com,US,130583428.62
CLT-0911,Meridian Bank 911,Liam Chen,contact.911@client-911.com,HK,130009327.89
CLT-0632,Atlas Investments 632,Carol White,contact.632@client-632.com,DE,129915048.30
CLT-0147,Andromeda Insurance 147,Maria Santos,contact.147@client-147.com,JP,129888076.52
CLT-0249,Horizon Trust 249,James Taylor,contact.249@client-249.com,LU,129730132.39
CLT-0269,Rigel Global 269,Olivia Patel,contact.269@client-269.com,CA,129607854.43
CLT-0434,Polaris Global 434,Olivia Patel,contact.434@client-434.com,CA,129495478.78
CLT-0573,Orion Fund 573,David Brown,contact.573@client-573.com,FR,128807863.02
CLT-0734,Polaris Global 734,Olivia Patel,contact.734@client-734.com,CA,128800374.48
CLT-0378,Titan Fund 378,David Brown,contact.378@client-378.com,FR,128780187.39
CLT-0051,Pegasus Asset Management 51,Grace Lee,contact.51@client-51.com,BE,128469399.62
CLT-0686,Sirius Bank 686,Liam Chen,contact.686@client-686.com,HK,128352404.43
CLT-0746,Sirius Bank 746,Liam Chen,contact.746@client-746.com,HK,128289965.27
CLT-0080,Olympus Holdings 80,Frank Wilson,contact.80@client-80.com,CH,128264325.12
CLT-0838,Centaurus Pension 838,Noah Kim,contact.838@client-838.com,AU,127955201.23
CLT-0805,Vega Finance 805,Karen Hughes,contact.805@client-805.com,SG,127952406.22
CLT-0337,Summit Securities 337,Henry Martin,contact.337@client-337.com,ES,127802984.41
CLT-0752,Atlas Investments 752,Carol White,contact.752@client-752.com,DE,127485963.09
CLT-0486,Vertex Asset Management 486,Grace Lee,contact.486@client-486.com,BE,127473616.38
CLT-0022,Neptune Securities 22,Henry Martin,contact.22@client-22.com,ES,127182602.96
CLT-0704,Polaris Global 704,Olivia Patel,contact.704@client-704.com,CA,127145368.02
CLT-0556,Quantum Partners 556,Bob Smith,contact.556@client-556.com,GB,126963756.18
CLT-0582,Cascade Insurance 582,Maria Santos,contact.582@client-582.com,JP,126896781.53
CLT-0521,Meridian Bank 521,Liam Chen,contact.521@client-521.com,HK,126765878.12
CLT-0861,Pegasus Asset Management 861,Grace Lee,contact.861@client-861.com,BE,126711031.33
CLT-0580,Sterling Finance 580,Karen Hughes,contact.580@client-580.com,SG,126627631.08
CLT-0181,Zenith Partners 181,Bob Smith,contact.181@client-181.com,GB,126465688.78
CLT-0707,Helios Investments 707,Carol White,contact.707@client-707.com,DE,126428514.03
CLT-0952,Neptune Securities 952,Henry Martin,contact.952@client-952.com,ES,126399752.40
CLT-0583,Solaris Pension 583,Noah Kim,contact.583@client-583.com,AU,126088075.56
CLT-0744,Saturn Trust 744,James Taylor,contact.744@client-744.com,LU,126007856.02
CLT-0896,Sirius Bank 896,Liam Chen,contact.896@client-896.com,HK,125980792.81
CLT-0437,Helios Investments 437,Carol White,contact.437@client-437.com,DE,125826121.89
CLT-0625,Vega Finance 625,Karen Hughes,contact.625@client-625.com,SG,125729975.34
CLT-0343,Solaris Pension 343,Noah Kim,contact.343@client-343.com,AU,125578061.44
CLT-0631,Zenith Partners 631,Bob Smith,contact.631@client-631.com,GB,125505046.82
CLT-0598,Centaurus Pension 598,Noah Kim,contact.598@client-598.com,AU,125065361.19
CLT-0904,Nexus Group 904,Emma Davis,contact.904@client-904.com,NL,125027401.49
CLT-0117,Andromeda Insurance 117,Maria Santos,contact.117@client-117.com,JP,125013715.49
CLT-0687,Andromeda Insurance 687,Maria Santos,contact.687@client-687.com,JP,124983429.75
CLT-0717,Andromeda Insurance 717,Maria Santos,contact.717@client-717.com,JP,124948236.91
CLT-0164,Polaris Global 164,Olivia Patel,contact.164@client-164.com,CA,124897872.22
CLT-0215,Apex Holdings 215,Frank Wilson,contact.215@client-215.com,CH,124695760.29
CLT-0574,Nexus Group 574,Emma Davis,contact.574@client-574.com,NL,124611811.08
CLT-0155,Apex Holdings 155,Frank Wilson,contact.155@client-155.com,CH,124461333.96
CLT-0590,Olympus Holdings 590,Frank Wilson,contact.590@client-590.com,CH,124128918.21
CLT-0366,Vertex Asset Management 366,Grace Lee,contact.366@client-366.com,BE,123765606.55
CLT-0472,Neptune Securities 472,Henry Martin,contact.472@client-472.com,ES,123707426.50
CLT-0157,Summit Securities 157,Henry Martin,contact.157@client-157.com,ES,123632068.46
CLT-0532,Neptune Securities 532,Henry Martin,contact.532@client-532.com,ES,123368088.85
CLT-0446,Sirius Bank 446,Liam Chen,contact.446@client-446.com,HK,123364455.72
CLT-0283,Solaris Pension 283,Noah Kim,contact.283@client-283.com,AU,123326220.49
CLT-0216,Vertex Asset Management 216,Grace Lee,contact.216@client-216.com,BE,123317123.53
CLT-0770,Olympus Holdings 770,Frank Wilson,contact.770@client-770.com,CH,122955829.85
CLT-0476,Sirius Bank 476,Liam Chen,contact.476@client-476.com,HK,122867311.88
CLT-0889,Phoenix Group 889,Emma Davis,contact.889@client-889.com,NL,122865578.27
CLT-0287,Helios Investments 287,Carol White,contact.287@client-287.com,DE,122652547.24
CLT-0207,Andromeda Insurance 207,Maria Santos,contact.207@client-207.com,JP,122645044.95
CLT-0605,Apex Holdings 605,Frank Wilson,contact.605@client-605.com,CH,122416151.82
CLT-0978,Titan Fund 978,David Brown,contact.978@client-978.com,FR,122036446.17
CLT-0621,Pegasus Asset Management 621,Grace Lee,contact.621@client-621.com,BE,121795909.14
CLT-0133,Solaris Pension 133,Noah Kim,contact.133@client-133.com,AU,121656737.34
CLT-0113,Jupiter Wealth 113,Iris Clark,contact.113@client-113.com,IT,121599818.37
CLT-0654,Saturn Trust 654,James Taylor,contact.654@client-654.com,LU,121331872.08
CLT-0669,Horizon Trust 669,James Taylor,contact.669@client-669.com,LU,121283664.68
CLT-0730,Sterling Finance 730,Karen Hughes,contact.730@client-730.com,SG,120935814.24
CLT-0499,Phoenix Group 499,Emma Davis,contact.499@client-499.com,NL,120588223.19
CLT-0970,Sterling Finance 970,Karen Hughes,contact.970@client-970.com,SG,120525915.16
CLT-0878,Pinnacle Wealth 878,Iris Clark,contact.878@client-878.com,IT,120488325.74
CLT-0847,Summit Securities 847,Henry Martin,contact.847@client-847.com,ES,120028880.28
CLT-0496,Quantum Partners 496,Bob Smith,contact.496@client-496.com,GB,119291407.93
CLT-0204,Saturn Trust 204,James Taylor,contact.204@client-204.com,LU,119290931.09
CLT-0299,Rigel Global 299,Olivia Patel,contact.299@client-299.com,CA,119278127.50
CLT-0359,Rigel Global 359,Olivia Patel,contact.359@client-359.com,CA,119139181.25
CLT-0559,Phoenix Group 559,Emma Davis,contact.559@client-559.com,NL,118947847.20
CLT-0572,Atlas Investments 572,Carol White,contact.572@client-572.com,DE,118878885.58
CLT-0238,Centaurus Pension 238,Noah Kim,contact.238@client-238.com,AU,118840712.33
CLT-0719,Rigel Global 719,Olivia Patel,contact.719@client-719.com,CA,118825430.35
CLT-0691,Zenith Partners 691,Bob Smith,contact.691@client-691.com,GB,118481830.68
CLT-0733,Solaris Pension 733,Noah Kim,contact.733@client-733.com,AU,118289701.02
CLT-0056,Sirius Bank 56,Liam Chen,contact.56@client-56.com,HK,117930814.56
CLT-0698,Pinnacle Wealth 698,Iris Clark,contact.698@client-698.com,IT,117713979.06
CLT-0251,Meridian Bank 251,Liam Chen,contact.251@client-251.com,HK,117661518.14
CLT-0487,Summit Securities 487,Henry Martin,contact.487@client-487.com,ES,117330799.03
CLT-0470,Olympus Holdings 470,Frank Wilson,contact.470@client-470.com,CH,117324837.15
CLT-0760,Sterling Finance 760,Karen Hughes,contact.760@client-760.com,SG,117301226.90
CLT-0082,Neptune Securities 82,Henry Martin,contact.82@client-82.com,ES,117222639.67
CLT-0893,Jupiter Wealth 893,Iris Clark,contact.893@client-893.com,IT,117196160.67
CLT-0842,Atlas Investments 842,Carol White,contact.842@client-842.com,DE,117074725.75
CLT-0448,Centaurus Pension 448,Noah Kim,contact.448@client-448.com,AU,116913576.52
CLT-0998,Pinnacle Wealth 998,Iris Clark,contact.998@client-998.com,IT,116761460.68
CLT-0736,Quantum Partners 736,Bob Smith,contact.736@client-736.com,GB,116733383.28
CLT-0222,Cascade Insurance 222,Maria Santos,contact.222@client-222.com,JP,116678333.92
CLT-0241,Zenith Partners 241,Bob Smith,contact.241@client-241.com,GB,116632841.79
CLT-0792,Cascade Insurance 792,Maria Santos,contact.792@client-792.com,JP,116500617.06
CLT-0793,Solaris Pension 793,Noah Kim,contact.793@client-793.com,AU,116452565.58
CLT-0303,Orion Fund 303,David Brown,contact.303@client-303.com,FR,116322979.15
CLT-0409,Phoenix Group 409,Emma Davis,contact.409@client-409.com,NL,116047432.63
CLT-0851,Meridian Bank 851,Liam Chen,contact.851@client-851.com,HK,115904040.60
CLT-0111,Pegasus Asset Management 111,Grace Lee,contact.111@client-111.com,BE,115891045.63
CLT-0958,Centaurus Pension 958,Noah Kim,contact.958@client-958.com,AU,115546260.59
CLT-0763,Solaris Pension 763,Noah Kim,contact.763@client-763.com,AU,115452151.43
CLT-0672,Cascade Insurance 672,Maria Santos,contact.672@client-672.com,JP,115396061.24
CLT-0843,Orion Fund 843,David Brown,contact.843@client-843.com,FR,115335860.92
CLT-0460,Sterling Finance 460,Karen Hughes,contact.460@client-460.com,SG,115287427.39
CLT-0105,Aurora Capital 105,Alice Johnson,contact.105@client-105.com,US,115089735.43
CLT-0242,Atlas Investments 242,Carol White,contact.242@client-242.com,DE,115066929.35
CLT-0968,Pinnacle Wealth 968,Iris Clark,contact.968@client-968.com,IT,114585653.28
CLT-0042,Cascade Insurance 42,Maria Santos,contact.42@client-42.com,JP,114576895.05
CLT-0203,Jupiter Wealth 203,Iris Clark,contact.203@client-203.com,IT,113864200.32
CLT-0395,Apex Holdings 395,Frank Wilson,contact.395@client-395.com,CH,113512204.06
CLT-0198,Titan Fund 198,David Brown,contact.198@client-198.com,FR,113243323.02
CLT-0994,Nexus Group 994,Emma Davis,contact.994@client-994.com,NL,113012110.65
CLT-0144,Saturn Trust 144,James Taylor,contact.144@client-144.com,LU,112864377.54
CLT-0680,Olympus Holdings 680,Frank Wilson,contact.680@client-680.com,CH,112813892.44
CLT-0256,Quantum Partners 256,Bob Smith,contact.256@client-256.com,GB,112773326.14
CLT-0258,Titan Fund 258,David Brown,contact.258@client-258.com,FR,112744243.39
CLT-0844,Nexus Group 844,Emma Davis,contact.844@client-844.com,NL,112603764.01
CLT-0595,Vega Finance 595,Karen Hughes,contact.595@client-595.com,SG,112582587.39
CLT-0665,Apex Holdings 665,Frank Wilson,contact.665@client-665.com,CH,112577063.68
CLT-0908,Pinnacle Wealth 908,Iris Clark,contact.908@client-908.com,IT,112398594.30
CLT-0391,Zenith Partners 391,Bob Smith,contact.391@client-391.com,GB,112138278.40
CLT-0295,Vega Finance 295,Karen Hughes,contact.295@client-295.com,SG,112110947.92
CLT-0293,Jupiter Wealth 293,Iris Clark,contact.293@client-293.com,IT,111728152.21
CLT-0503,Jupiter Wealth 503,Iris Clark,contact.503@client-503.com,IT,111677419.17
CLT-0853,Solaris Pension 853,Noah Kim,contact.853@client-853.com,AU,111529657.90
CLT-0623,Jupiter Wealth 623,Iris Clark,contact.623@client-623.com,IT,110801871.13
CLT-0005,Apex Holdings 5,Frank Wilson,contact.5@client-5.com,CH,110770012.94
CLT-0980,Olympus Holdings 980,Frank Wilson,contact.980@client-980.com,CH,110703961.91
CLT-0084,Saturn Trust 84,James Taylor,contact.84@client-84.com,LU,110689240.96
CLT-0125,Apex Holdings 125,Frank Wilson,contact.125@client-125.com,CH,110615271.40
CLT-0444,Saturn Trust 444,James Taylor,contact.444@client-444.com,LU,110566271.28
CLT-0044,Polaris Global 44,Olivia Patel,contact.44@client-44.com,CA,110465564.07
CLT-0381,Pegasus Asset Management 381,Grace Lee,contact.381@client-381.com,BE,110127596.49
CLT-0319,Phoenix Group 319,Emma Davis,contact.319@client-319.com,NL,109891269.29
CLT-0759,Horizon Trust 759,James Taylor,contact.759@client-759.com,LU,109490436.09
CLT-0892,Neptune Securities 892,Henry Martin,contact.892@client-892.com,ES,109357746.41
CLT-0008,Pinnacle Wealth 8,Iris Clark,contact.8@client-8.com,IT,109334017.51
CLT-0218,Pinnacle Wealth 218,Iris Clark,contact.218@client-218.com,IT,109307380.78
CLT-0796,Quantum Partners 796,Bob Smith,contact.796@client-796.com,GB,109274569.11
CLT-0184,Nexus Group 184,Emma Davis,contact.184@client-184.com,NL,109129045.22
CLT-0862,Neptune Securities 862,Henry Martin,contact.862@client-862.com,ES,109008822.68
CLT-0392,Atlas Investments 392,Carol White,contact.392@client-392.com,DE,108982312.20
CLT-0865,Vega Finance 865,Karen Hughes,contact.865@client-865.com,SG,108937078.85
CLT-0804,Saturn Trust 804,James Taylor,contact.804@client-804.com,LU,108607084.58
CLT-0036,Vertex Asset Management 36,Grace Lee,contact.36@client-36.com,BE,108514968.06
CLT-0786,Vertex Asset Management 786,Grace Lee,contact.786@client-786.com,BE,108462397.17
CLT-0627,Andromeda Insurance 627,Maria Santos,contact.627@client-627.com,JP,108363718.74
CLT-0018,Titan Fund 18,David Brown,contact.18@client-18.com,FR,108102064.45
CLT-0189,Horizon Trust 189,James Taylor,contact.189@client-189.com,LU,107671179.11
CLT-0183,Orion Fund 183,David Brown,contact.183@client-183.com,FR,107094519.43
CLT-0352,Neptune Securities 352,Henry Martin,contact.352@client-352.com,ES,106084003.68
CLT-0342,Cascade Insurance 342,Maria Santos,contact.342@client-342.com,JP,105951535.40
CLT-0939,Horizon Trust 939,James Taylor,contact.939@client-939.com,LU,105870569.80
CLT-0491,Meridian Bank 491,Liam Chen,contact.491@client-491.com,HK,105862789.21
CLT-0007,Summit Securities 7,Henry Martin,contact.7@client-7.com,ES,105235323.51
CLT-0452,Atlas Investments 452,Carol White,contact.452@client-452.com,DE,105223858.95
CLT-0307,Summit Securities 307,Henry Martin,contact.307@client-307.com,ES,105094715.79
CLT-0557,Helios Investments 557,Carol White,contact.557@client-557.com,DE,105072844.68
CLT-0013,Solaris Pension 13,Noah Kim,contact.13@client-13.com,AU,105030956.93
CLT-0854,Polaris Global 854,Olivia Patel,contact.854@client-854.com,CA,104990812.34
CLT-0166,Quantum Partners 166,Bob Smith,contact.166@client-166.com,GB,104947186.01
CLT-0083,Jupiter Wealth 83,Iris Clark,contact.83@client-83.com,IT,104405583.05
CLT-0404,Polaris Global 404,Olivia Patel,contact.404@client-404.com,CA,104039983.32
CLT-0419,Rigel Global 419,Olivia Patel,contact.419@client-419.com,CA,103946985.64
CLT-0308,Pinnacle Wealth 308,Iris Clark,contact.308@client-308.com,IT,103415171.62
CLT-0439,Phoenix Group 439,Emma Davis,contact.439@client-439.com,NL,102997350.36
CLT-0057,Andromeda Insurance 57,Maria Santos,contact.57@client-57.com,JP,102920502.29
CLT-0622,Neptune Securities 622,Henry Martin,contact.622@client-622.com,ES,102719276.49
CLT-0609,Horizon Trust 609,James Taylor,contact.609@client-609.com,LU,102488455.22
CLT-0064,Nexus Group 64,Emma Davis,contact.64@client-64.com,NL,102063741.44
CLT-0311,Meridian Bank 311,Liam Chen,contact.311@client-311.com,HK,101805103.61
CLT-0505,Vega Finance 505,Karen Hughes,contact.505@client-505.com,SG,101164428.16
CLT-0514,Nexus Group 514,Emma Davis,contact.514@client-514.com,NL,101143478.32
CLT-0594,Saturn Trust 594,James Taylor,contact.594@client-594.com,LU,100640675.10
CLT-0945,Aurora Capital 945,Alice Johnson,contact.945@client-945.com,US,100608422.01
CLT-0876,Vertex Asset Management 876,Grace Lee,contact.876@client-876.com,BE,100571208.61
CLT-0369,Horizon Trust 369,James Taylor,contact.369@client-369.com,LU,100183807.72
CLT-0316,Quantum Partners 316,Bob Smith,contact.316@client-316.com,GB,100080556.88
CLT-0864,Saturn Trust 864,James Taylor,contact.864@client-864.com,LU,99921546.90
CLT-0102,Cascade Insurance 102,Maria Santos,contact.102@client-102.com,JP,99832847.76
CLT-0724,Nexus Group 724,Emma Davis,contact.724@client-724.com,NL,99517043.98
CLT-0348,Titan Fund 348,David Brown,contact.348@client-348.com,FR,99413305.72
CLT-0130,Sterling Finance 130,Karen Hughes,contact.130@client-130.com,SG,99295794.43
CLT-0567,Andromeda Insurance 567,Maria Santos,contact.567@client-567.com,JP,98943732.05
CLT-0535,Vega Finance 535,Karen Hughes,contact.535@client-535.com,SG,98408399.57
CLT-0143,Jupiter Wealth 143,Iris Clark,contact.143@client-143.com,IT,98329641.55
CLT-0743,Jupiter Wealth 743,Iris Clark,contact.743@client-743.com,IT,98152426.71
CLT-0077,Helios Investments 77,Carol White,contact.77@client-77.com,DE,98145914.16
CLT-0192,Cascade Insurance 192,Maria Santos,contact.192@client-192.com,JP,98106774.11
CLT-0883,Solaris Pension 883,Noah Kim,contact.883@client-883.com,AU,98031690.69
CLT-0524,Polaris Global 524,Olivia Patel,contact.524@client-524.com,CA,98022405.72
CLT-0276,Vertex Asset Management 276,Grace Lee,contact.276@client-276.com,BE,97610903.62
CLT-0827,Helios Investments 827,Carol White,contact.827@client-827.com,DE,97202536.69
CLT-0667,Summit Securities 667,Henry Martin,contact.667@client-667.com,ES,96935660.03
CLT-0037,Summit Securities 37,Henry Martin,contact.37@client-37.com,ES,96849061.28
CLT-0697,Summit Securities 697,Henry Martin,contact.697@client-697.com,ES,96810017.72
CLT-0298,Centaurus Pension 298,Noah Kim,contact.298@client-298.com,AU,96486881.38
CLT-0871,Zenith Partners 871,Bob Smith,contact.871@client-871.com,GB,96290062.52
CLT-0006,Vertex Asset Management 6,Grace Lee,contact.6@client-6.com,BE,96180173.55
CLT-0659,Rigel Global 659,Olivia Patel,contact.659@client-659.com,CA,95740099.05
CLT-0231,Pegasus Asset Management 231,Grace Lee,contact.231@client-231.com,BE,95032630.22
CLT-0423,Orion Fund 423,David Brown,contact.423@client-423.com,FR,95006751.92
CLT-0767,Helios Investments 767,Carol White,contact.767@client-767.com,DE,94662993.57
CLT-0906,Vertex Asset Management 906,Grace Lee,contact.906@client-906.com,BE,94600321.17
CLT-0317,Helios Investments 317,Carol White,contact.317@client-317.com,DE,93980204.30
CLT-0328,Centaurus Pension 328,Noah Kim,contact.328@client-328.com,AU,93930419.60
CLT-0925,Vega Finance 925,Karen Hughes,contact.925@client-925.com,SG,93709342.03
CLT-0292,Neptune Securities 292,Henry Martin,contact.292@client-292.com,ES,93171763.26
CLT-0971,Meridian Bank 971,Liam Chen,contact.971@client-971.com,HK,93152613.79
CLT-0362,Atlas Investments 362,Carol White,contact.362@client-362.com,DE,93152371.74
CLT-0429,Horizon Trust 429,James Taylor,contact.429@client-429.com,LU,92728520.96
CLT-0549,Horizon Trust 549,James Taylor,contact.549@client-549.com,LU,92459897.25
CLT-0626,Sirius Bank 626,Liam Chen,contact.626@client-626.com,HK,92140096.20
CLT-0406,Quantum Partners 406,Bob Smith,contact.406@client-406.com,GB,91689263.27
CLT-0569,Rigel Global 569,Olivia Patel,contact.569@client-569.com,CA,91614733.40
CLT-0741,Pegasus Asset Management 741,Grace Lee,contact.741@client-741.com,BE,91401835.28
CLT-0612,Cascade Insurance 612,Maria Santos,contact.612@client-612.com,JP,91209859.31
CLT-0852,Cascade Insurance 852,Maria Santos,contact.852@client-852.com,JP,90852867.27
CLT-0825,Aurora Capital 825,Alice Johnson,contact.825@client-825.com,US,90751288.09
CLT-0415,Vega Finance 415,Karen Hughes,contact.415@client-415.com,SG,90003804.43
CLT-0775,Vega Finance 775,Karen Hughes,contact.775@client-775.com,SG,89616905.49
CLT-0771,Pegasus Asset Management 771,Grace Lee,contact.771@client-771.com,BE,89582104.42
CLT-0670,Sterling Finance 670,Karen Hughes,contact.670@client-670.com,SG,89493649.39
CLT-0812,Atlas Investments 812,Carol White,contact.812@client-812.com,DE,89408362.07
CLT-0379,Phoenix Group 379,Emma Davis,contact.379@client-379.com,NL,89247223.67
CLT-0815,Apex Holdings 815,Frank Wilson,contact.815@client-815.com,CH,89159799.14
CLT-0849,Horizon Trust 849,James Taylor,contact.849@client-849.com,LU,89071912.83
CLT-0975,Aurora Capital 975,Alice Johnson,contact.975@client-975.com,US,88728100.19
CLT-0322,Neptune Securities 322,Henry Martin,contact.322@client-322.com,ES,88086061.64
CLT-0035,Apex Holdings 35,Frank Wilson,contact.35@client-35.com,CH,87931827.40
CLT-0836,Sirius Bank 836,Liam Chen,contact.836@client-836.com,HK,87314548.30
CLT-0162,Cascade Insurance 162,Maria Santos,contact.162@client-162.com,JP,87143124.83
CLT-0489,Horizon Trust 489,James Taylor,contact.489@client-489.com,LU,87131076.03
CLT-0377,Helios Investments 377,Carol White,contact.377@client-377.com,DE,86896933.26
CLT-0052,Neptune Securities 52,Henry Martin,contact.52@client-52.com,ES,86625875.59
CLT-0983,Jupiter Wealth 983,Iris Clark,contact.983@client-983.com,IT,86186572.86
CLT-0933,Orion Fund 933,David Brown,contact.933@client-933.com,FR,86068301.86
CLT-0119,Rigel Global 119,Olivia Patel,contact.119@client-119.com,CA,85882119.02
CLT-0948,Titan Fund 948,David Brown,contact.948@client-948.com,FR,85499498.89
CLT-0768,Titan Fund 768,David Brown,contact.768@client-768.com,FR,85380652.13
CLT-0563,Jupiter Wealth 563,Iris Clark,contact.563@client-563.com,IT,84786718.50
CLT-0398,Pinnacle Wealth 398,Iris Clark,contact.398@client-398.com,IT,84586633.24
CLT-0467,Helios Investments 467,Carol White,contact.467@client-467.com,DE,84459295.39
CLT-0405,Aurora Capital 405,Alice Johnson,contact.405@client-405.com,US,84429202.03
CLT-0012,Cascade Insurance 12,Maria Santos,contact.12@client-12.com,JP,84399702.65
CLT-0592,Neptune Securities 592,Henry Martin,contact.592@client-592.com,ES,84271811.87
CLT-0469,Phoenix Group 469,Emma Davis,contact.469@client-469.com,NL,83750911.62
CLT-0740,Olympus Holdings 740,Frank Wilson,contact.740@client-740.com,CH,83627693.47
CLT-0959,Rigel Global 959,Olivia Patel,contact.959@client-959.com,CA,83558496.03
CLT-0997,Summit Securities 997,Henry Martin,contact.997@client-997.com,ES,83460918.59
CLT-0955,Vega Finance 955,Karen Hughes,contact.955@client-955.com,SG,83106423.54
CLT-0649,Phoenix Group 649,Emma Davis,contact.649@client-649.com,NL,83089791.53
CLT-0708,Titan Fund 708,David Brown,contact.708@client-708.com,FR,82704322.72
CLT-0187,Summit Securities 187,Henry Martin,contact.187@client-187.com,ES,82595293.56
CLT-0402,Cascade Insurance 402,Maria Santos,contact.402@client-402.com,JP,82241993.26
CLT-0681,Pegasus Asset Management 681,Grace Lee,contact.681@client-681.com,BE,82206168.03
CLT-0442,Neptune Securities 442,Henry Martin,contact.442@client-442.com,ES,81925520.83
CLT-0745,Vega Finance 745,Karen Hughes,contact.745@client-745.com,SG,81727610.15
CLT-0132,Cascade Insurance 132,Maria Santos,contact.132@client-132.com,JP,81637280.34
CLT-0087,Andromeda Insurance 87,Maria Santos,contact.87@client-87.com,JP,81506537.67
CLT-0122,Atlas Investments 122,Carol White,contact.122@client-122.com,DE,81379233.44
CLT-0445,Vega Finance 445,Karen Hughes,contact.445@client-445.com,SG,81027050.51
CLT-0093,Orion Fund 93,David Brown,contact.93@client-93.com,FR,80565156.64
CLT-0217,Summit Securities 217,Henry Martin,contact.217@client-217.com,ES,80347159.11
CLT-0985,Vega Finance 985,Karen Hughes,contact.985@client-985.com,SG,80343144.56
CLT-0151,Zenith Partners 151,Bob Smith,contact.151@client-151.com,GB,80081786.60
CLT-0689,Rigel Global 689,Olivia Patel,contact.689@client-689.com,CA,79968815.02
CLT-0797,Helios Investments 797,Carol White,contact.797@client-797.com,DE,79933344.00
CLT-0619,Phoenix Group 619,Emma Davis,contact.619@client-619.com,NL,79711967.84
CLT-0545,Apex Holdings 545,Frank Wilson,contact.545@client-545.com,CH,79456266.77
CLT-0963,Orion Fund 963,David Brown,contact.963@client-963.com,FR,78873688.95
CLT-0828,Titan Fund 828,David Brown,contact.828@client-828.com,FR,78826799.07
CLT-0597,Andromeda Insurance 597,Maria Santos,contact.597@client-597.com,JP,78651278.52
CLT-0858,Titan Fund 858,David Brown,contact.858@client-858.com,FR,78133901.54
CLT-0387,Andromeda Insurance 387,Maria Santos,contact.387@client-387.com,JP,77945039.43
CLT-0103,Solaris Pension 103,Noah Kim,contact.103@client-103.com,AU,77690399.66
CLT-0516,Vertex Asset Management 516,Grace Lee,contact.516@client-516.com,BE,77375925.86
CLT-0264,Saturn Trust 264,James Taylor,contact.264@client-264.com,LU,77342471.24
CLT-0664,Nexus Group 664,Emma Davis,contact.664@client-664.com,NL,76905849.02
CLT-0286,Quantum Partners 286,Bob Smith,contact.286@client-286.com,GB,76568943.43
CLT-0368,Pinnacle Wealth 368,Iris Clark,contact.368@client-368.com,IT,76503089.04
CLT-0529,Phoenix Group 529,Emma Davis,contact.529@client-529.com,NL,76032810.34
CLT-0273,Orion Fund 273,David Brown,contact.273@client-273.com,FR,75997896.96
CLT-0135,Aurora Capital 135,Alice Johnson,contact.135@client-135.com,US,75708068.20
CLT-0531,Pegasus Asset Management 531,Grace Lee,contact.531@client-531.com,BE,75391392.50
CLT-0776,Sirius Bank 776,Liam Chen,contact.776@client-776.com,HK,75220746.85
CLT-0586,Quantum Partners 586,Bob Smith,contact.586@client-586.com,GB,75187386.36
CLT-0607,Summit Securities 607,Henry Martin,contact.607@client-607.com,ES,74571482.21
CLT-0075,Aurora Capital 75,Alice Johnson,contact.75@client-75.com,US,74460318.66
CLT-0438,Titan Fund 438,David Brown,contact.438@client-438.com,FR,73996567.97
CLT-0624,Saturn Trust 624,James Taylor,contact.624@client-624.com,LU,73971443.93
CLT-0909,Horizon Trust 909,James Taylor,contact.909@client-909.com,LU,73815868.51
CLT-0188,Pinnacle Wealth 188,Iris Clark,contact.188@client-188.com,IT,73479393.03
CLT-0347,Helios Investments 347,Carol White,contact.347@client-347.com,DE,72906325.27
CLT-0109,Phoenix Group 109,Emma Davis,contact.109@client-109.com,NL,72807562.24
CLT-0584,Polaris Global 584,Olivia Patel,contact.584@client-584.com,CA,72451926.60
CLT-0205,Vega Finance 205,Karen Hughes,contact.205@client-205.com,SG,71788320.38
CLT-0211,Zenith Partners 211,Bob Smith,contact.211@client-211.com,GB,71492705.61
CLT-0634,Nexus Group 634,Emma Davis,contact.634@client-634.com,NL,71155421.24
CLT-0457,Summit Securities 457,Henry Martin,contact.457@client-457.com,ES,70936350.33
CLT-0543,Orion Fund 543,David Brown,contact.543@client-543.com,FR,70304305.03
CLT-0924,Saturn Trust 924,James Taylor,contact.924@client-924.com,LU,69248926.30
CLT-0168,Titan Fund 168,David Brown,contact.168@client-168.com,FR,68714992.01
CLT-0334,Nexus Group 334,Emma Davis,contact.334@client-334.com,NL,67950916.76
CLT-0965,Apex Holdings 965,Frank Wilson,contact.965@client-965.com,CH,67796385.24
CLT-0695,Apex Holdings 695,Frank Wilson,contact.695@client-695.com,CH,66543482.60
CLT-0088,Centaurus Pension 88,Noah Kim,contact.88@client-88.com,AU,66002545.64
CLT-0323,Jupiter Wealth 323,Iris Clark,contact.323@client-323.com,IT,64998497.74
CLT-0666,Vertex Asset Management 666,Grace Lee,contact.666@client-666.com,BE,64712521.81
CLT-0274,Nexus Group 274,Emma Davis,contact.274@client-274.com,NL,63509452.07
CLT-0591,Pegasus Asset Management 591,Grace Lee,contact.591@client-591.com,BE,63436547.27
CLT-0407,Helios Investments 407,Carol White,contact.407@client-407.com,DE,63023268.20
CLT-0987,Andromeda Insurance 987,Maria Santos,contact.987@client-987.com,JP,62964695.60
CLT-0032,Atlas Investments 32,Carol White,contact.32@client-32.com,DE,62755627.14
CLT-0341,Meridian Bank 341,Liam Chen,contact.341@client-341.com,HK,61389040.35
CLT-0899,Rigel Global 899,Olivia Patel,contact.899@client-899.com,CA,59778082.24
CLT-0868,Centaurus Pension 868,Noah Kim,contact.868@client-868.com,AU,59191376.74
CLT-0418,Centaurus Pension 418,Noah Kim,contact.418@client-418.com,AU,58776364.93
CLT-0789,Horizon Trust 789,James Taylor,contact.789@client-789.com,LU,56816693.83
CLT-0613,Solaris Pension 613,Noah Kim,contact.613@client-613.com,AU,56370821.49
CLT-0265,Vega Finance 265,Karen Hughes,contact.265@client-265.com,SG,56290205.09
CLT-0361,Zenith Partners 361,Bob Smith,contact.361@client-361.com,GB,55044495.79
CLT-0171,Pegasus Asset Management 171,Grace Lee,contact.171@client-171.com,BE,54988986.84
CLT-0874,Nexus Group 874,Emma Davis,contact.874@client-874.com,NL,54583628.08
CLT-0146,Sirius Bank 146,Liam Chen,contact.146@client-146.com,HK,53724794.06
CLT-0430,Sterling Finance 430,Karen Hughes,contact.430@client-430.com,SG,53035801.09
CLT-0015,Aurora Capital 15,Alice Johnson,contact.15@client-15.com,US,51929692.65
CLT-0588,Titan Fund 588,David Brown,contact.588@client-588.com,FR,51420539.48
CLT-0393,Orion Fund 393,David Brown,contact.393@client-393.com,FR,50577907.63
CLT-0459,Horizon Trust 459,James Taylor,contact.459@client-459.com,LU,50267949.01
CLT-0637,Summit Securities 637,Henry Martin,contact.637@client-637.com,ES,48790886.51
CLT-0020,Olympus Holdings 20,Frank Wilson,contact.20@client-20.com,CH,47417461.69
CLT-0243,Orion Fund 243,David Brown,contact.243@client-243.com,FR,45457275.66
CLT-0091,Zenith Partners 91,Bob Smith,contact.91@client-91.com,GB,44866019.44
CLT-0774,Saturn Trust 774,James Taylor,contact.774@client-774.com,LU,41795284.97
CLT-0193,Solaris Pension 193,Noah Kim,contact.193@client-193.com,AU,33492449.88
CLT-0830,Olympus Holdings 830,Frank Wilson,contact.830@client-830.com,CH,31971883.18
CLT-0160,Sterling Finance 160,Karen Hughes,contact.160@client-160.com,SG,31233696.15
CLT-0401,Meridian Bank 401,Liam Chen,contact.401@client-401.com,HK,26794752.24
CLT-0989,Rigel Global 989,Olivia Patel,contact.989@client-989.com,CA,26477434.67
CLT-0301,Zenith Partners 301,Bob Smith,contact.301@client-301.com,GB,25968341.11
CLT-0315,Aurora Capital 315,Alice Johnson,contact.315@client-315.com,US,24414283.25
CLT-0725,Apex Holdings 725,Frank Wilson,contact.725@client-725.com,CH,21394267.62
CLT-0275,Apex Holdings 275,Frank Wilson,contact.275@client-275.com,CH,20956351.76
CLT-0981,Pegasus Asset Management 981,Grace Lee,contact.981@client-981.com,BE,9256635.19
